ID,Student Name,Course Code
0,Mohammed Azam,CS211
1,Mohammed Azam,CY2012
2,Mohammed Azam,SS111
3,Lilia Kyuchukova,CS307
4,Mohammed Azam,MG220
5,Mohamed F Bakaram,CS219
6,Mohamed F Bakaram,EE229
7,Mohamed F Bakaram,AI2011
8,Mohamed F Bakaram,DS3011
9,Manal Aldaihani,MG220
10,Manal Aldaihani,SS118
11,Manal Aldaihani,CS328
12,Manal Aldaihani,CS211
13,Ibrar Manawer,DS3011
14,Ibrar Manawer,CS220
15,Ibrar Manawer,CS211
16,Ibrar Manawer,EE227
17,Adam Flowers,DS3011
18,Adam Flowers,CS328
19,Adam Flowers,EE229
20,Adam Flowers,MT205
